Sent Amount,To,Ref ID
105.00,SREEVIJAY,100744499931
20.00,SAGILA,101217732733
157.00,bigbasket,101259281701
10.00,SREEVIJAY,101289785068
12.00,SAGILA,101328951093
10.00,SAGILA,101341434839
10.00,SAGILA,101522072391
159.00,ZEPTO,101590969066
35.00,SREEVIJAY,101722897923
20.00,SAGILA,101735175100
150.00,EMTIYAZUDDIN,102230701699
45.00,SREEVIJAY,102298213099
24.00,SAGILA,102341156436
12.00,SAGILA,102393466481
30.00,SAGILA,102423931044
42.00,HungerBox,102469308557
30.00,SAGILA,102561059900
504.00,SREEVIJAY,102660229951
467.99,bigbasket,509548055600
60.00,SREEVIJAY,100750848435
1523.00,SREEVIJAY,100788709226
9000.00,JOEL,100878982377
192.35,bigbasket,100961356029
30.00,SREEVIJAY,101082306291
30.00,SREEVIJAY,101194613739
55.00,SAGILA,101420871176
5.00,SREEVIJAY,101538002031
176.74,INNOVATIVE,101599732383
60.00,SAGILA,101793126868
10.00,SAGILA,101915955390
10.00,SAGILA,101961101111
10.00,SAGILA,101963405584
235.40,SREEVIJAY,101973747802
10.00,SAGILA,102011865786
105.00,SREEVIJAY,102016736883
15.00,SAGILA,102041300738
962.00,Meesho,102113611631
135.00,Innovative,102163910570
4761.00,JOEL,102169747060
20.00,ANITA,102277024972
37.00,SREELAKSHMI,102488458310
10.00,SAGILA,102541452665
25.00,SAGILA,101123648705
40.00,SAGILA,101451698342
105.00,SREEVIJAY,102508307893
